<?xml version="1.0" encoding="utf-16"?>
<meta>
  <info type="map" gamemodes="race" name="Banshee vs Rhino" author="DFT S.Eagle" description="Banshee has to complete the race. Rhino has to complete the race and kill the banshee coz banshees are faster" version="1" />
  <map src="Banshee vs Rhino.map" />
  <settings>
    <setting name="#time" value="21:0" />
    <setting name="#respawn" value="waves" />
    <setting name="#respawntime" value="20" />
    <setting name="#duration" value="1000" />
  </settings>
</meta>