<meta>
    <script src="Pedestrian_Anim.lua" type="server"></script>
    <script src="Teamwork.lua" type="server"></script>
    <script src="Teamwork_Client.lua" type="client"></script>
    <min_mta_version server="1.5.5-9.14060"></min_mta_version>
    <info gamemodes="race" type="map" name="[TW] Verona Pier Teamwork by S." author="S." version="1.0.0"></info>
    <map src="wip-teamwork-veronapier.map" dimension="0"></map>
    <settings>
        <setting name="#skins" value="[ 139 ]"></setting>
        <setting name="#maxplayers" value="[ 64 ]"></setting>
        <setting name="#useLODs" value="[ false ]"></setting>
        <setting name="#gamespeed" value="[ 1 ]"></setting>
        <setting name="#ghostmode" value='[ &quot;false&quot; ]'></setting>
        <setting name="#time" value="5:0"></setting>
        <setting name="#vehicleweapons" value='[ &quot;true&quot; ]'></setting>
        <setting name="#minplayers" value="[ 0 ]"></setting>
        <setting name="#respawntime" value="[ 0 ]"></setting>
        <setting name="#gravity" value="[ 0.0080000004 ]"></setting>
        <setting name="#waveheight" value="[ 0.30000001 ]"></setting>
        <setting name="#weather" value="[ 0 ]"></setting>
        <setting name="#locked_time" value="[ false ]"></setting>
        <setting name="#duration" value="[ 1800 ]"></setting>
        <setting name="#respawn" value='[ &quot;timelimit&quot; ]'></setting>
    </settings>
    <script src="mapEditorScriptingExtension_s.lua" type="server"></script>
    <script src="mapEditorScriptingExtension_c.lua" type="client" validate="false"></script>
</meta>
