<?xml version="1.0" encoding="utf-16"?>
<meta>
  <info type="map" gamemodes="race" name="Highway up and down" author="AoS S.Eagle" description="Just from A to B and from B to A and that 2 times on a highway. lol a highway smile" version="1" />
  <map src="Highway up and down.map" />
  <settings>
    <setting name="#time" value="7:0" />
    <setting name="#weather" value="6" />
    <setting name="#respawn" value="waves" />
    <setting name="#duration" value="600" />
  </settings>
</meta>