<?xml version="1.0" encoding="utf-16"?>
<meta>
  <info type="map" gamemodes="race" name="Land_Sea_and_Air" author="Vandalite" description="Version 4. This map has a litte bit of everything. Mind the start gate." />
  <map src="Land_Sea_and_Air.map" />
  <settings>
    <setting name="#time" value="3:30" />
    <setting name="#weather" value="5" />
    <setting name="#respawn" value="timelimit" />
    <setting name="#respawntime" value="15" />
    <setting name="#duration" value="660" />
  </settings>
</meta>