<meta>
    <file src="files/start.mp3" />
    <file src="files/couplet.mp3" />
    <file src="files/pricedown.ttf" />
    <script src="movingCheckpoints.lua" type="client" />
    <info gamemodes="race" type="map" name="[R] Chase The Checkpoint" author="Bierbuikje & FantomicanYoshi" version="1.0.0" description="Moving Checkpoints script by Bierbuikje and Yoshi's inspiration. Chat spam disabled by S."></info>
    <map src="race-ChasetheCheckpoint.map" dimension="0"></map>
    <settings>
        <setting name="#skins" value='[ &quot;cj&quot; ]'></setting>
        <setting name="#maxplayers" value="[ 128 ]"></setting>
        <setting name="#useLODs" value="[ false ]"></setting>
        <setting name="#gamespeed" value="[ 1 ]"></setting>
        <setting name="#ghostmode" value='[ &quot;true&quot; ]'></setting>
        <setting name="#time" value="12:0"></setting>
        <setting name="#vehicleweapons" value='[ &quot;false&quot; ]'></setting>
        <setting name="#minplayers" value="[ 0 ]"></setting>
        <setting name="#weather" value="[ 0 ]"></setting>
        <setting name="#gravity" value="[ 0.0080000004 ]"></setting>
        <setting name="#waveheight" value="[ 3 ]"></setting>
        <setting name="#respawntime" value="[ 5 ]"></setting>
        <setting name="#locked_time" value="[ true ]"></setting>
        <setting name="#duration" value="[ 1800 ]"></setting>
        <setting name="#respawn" value='[ &quot;timelimit&quot; ]'></setting>
    </settings>
    <script src="mapEditorScriptingExtension_s.lua" type="server"></script>
    <script src="mapEditorScriptingExtension_c.lua" type="client" validate="false"></script>
</meta>
