<?xml version="1.0" encoding="utf-16"?>
<meta>
  <info type="map" gamemodes="race" name="SanFierroSlam" author="Chief" description="The Slam version for San Fierro. Drive round the city in different vehicles and have fun on the hills." version="1" />
  <map src="SanFierroSlam.map" />
  <settings>
    <setting name="#time" value="0:30" />
    <setting name="#weather" value="8" />
    <setting name="#respawn" value="timelimit" />
    <setting name="#respawntime" value="15" />
    <setting name="#duration" value="2990537" />
  </settings>
</meta>