<?xml version="1.0" encoding="utf-16"?>
<meta>
  <info type="map" gamemodes="race" name="cj mansion" author=" AoS S.Eagle" description="Well its a race too that other house you get before the missions of back to los santos begin. no vehicle changes nor repair." version="1" />
  <map src="cj mansion.map" />
  <settings>
    <setting name="#time" value="7:21" />
    <setting name="#weather" value="4" />
    <setting name="#respawn" value="waves" />
    <setting name="#respawntime" value="10" />
    <setting name="#duration" value="600" />
  </settings>
</meta>