<?xml version="1.0" encoding="utf-16"?>
<meta>
  <info type="map" gamemodes="race" name="multiple cars event 1" author="S.Eagle" description="first part of a race where players can choose what vehicle to drive. the chilliad mountain has some tricky parts. but it should" version="3" />
  <map src="multiple cars event 1.map" />
  <settings>
    <setting name="#time" value="7:0" />
    <setting name="#respawn" value="waves" />
    <setting name="#respawntime" value="30" />
    <setting name="#duration" value="270" />
  </settings>
</meta>