<?xml version="1.0" encoding="utf-16"?>
<meta>
  <info type="map" gamemodes="race" name="250 checkpoint trip" author="DFT S.Eagle" description="and it should come another big race. this one is big. not much to say but it is not one of the easiest." version="1" />
  <map src="250 checkpoint trip.map" />
  <settings>
    <setting name="#time" value="7:0" />
    <setting name="#respawn" value="timelimit" />
    <setting name="#respawntime" value="0" />
    <setting name="#duration" value="1800" />
  </settings>
</meta>