<?xml version="1.0" encoding="utf-16"?>
<meta>
  <info type="map" gamemodes="race" name="deadly but weird building" author="S.Eagle" description="race at a building in los santos with some explosive barrels scattering around" version="1" />
  <map src="deadly but weird building.map" />
  <settings>
    <setting name="#time" value="14:7" />
    <setting name="#weather" value="1" />
    <setting name="#respawn" value="timelimit" />
    <setting name="#respawntime" value="0" />
  </settings>
</meta>