<?xml version="1.0" encoding="utf-16"?>
<meta>
  <info type="map" gamemodes="race" name="nowayout" author="Jordan of PlanetGTA.com" description="Five mammoth vehicles rumble down a hill with nitro speed to annihilate the smaller vehicles in the enclosed field..." version="1" />
  <map src="nowayout.map" />
  <settings>
    <setting name="#time" value="6:0" />
    <setting name="#respawn" value="timelimit" />
    <setting name="#respawntime" value="45" />
    <setting name="#duration" value="420" />
  </settings>
</meta>