<?xml version="1.0" encoding="utf-16"?>
<meta>
  <info type="map" gamemodes="race" name="multiple cars event 2" author="S.Eagle" description="second part of the race where players can choose there vehicle. after finishing a hard race at the mountain this one is to come" version="1" />
  <map src="multiple cars event 2.map" />
  <settings>
    <setting name="#time" value="11:30" />
    <setting name="#respawn" value="waves" />
    <setting name="#respawntime" value="30" />
    <setting name="#duration" value="150" />
  </settings>
</meta>