<?xml version="1.0" encoding="utf-16"?>
<meta>
  <info type="map" gamemodes="race" name="Gangs Fun And Stuntmap" author="Gang" description="µDriftmap at Airport LV. You can use the whole airpôort and you have different Driftcars. Repairs and Nitroes are there too." />
  <map src="Gangs Fun And Stuntmap.map" />
  <settings>
    <setting name="#time" value="7:0" />
    <setting name="#weather" value="1" />
    <setting name="#respawn" value="timelimit" />
    <setting name="#respawntime" value="2" />
    <setting name="#duration" value="3600" />
  </settings>
</meta>