<?xml version="1.0" encoding="utf-16"?>
<meta>
  <info type="map" gamemodes="race" name="Drop yourself By Gang" author="Gang" description="Nice race. You have to take a deep fall after 600 meters. Iff you survive it you will finally finish in a boat " />
  <map src="Drop yourself By Gang.map" />
  <settings>
    <setting name="#weather" value="7" />
    <setting name="#respawn" value="timelimit" />
    <setting name="#respawntime" value="1" />
    <setting name="#duration" value="1000" />
  </settings>
</meta>