<?xml version="1.0" encoding="utf-16"?>
<meta>
  <info type="map" gamemodes="race" name="mtadm block and crash" author="S.Eagle" description="2 teams. the first team gets some bullets and m4s. they have to drive to team 2. team 2 has to set up an blockade in there base. they have got 1 and a half to 2 minutes." version="1.0" />
  <map src="mtadm block and crash.map" />
  <settings>
    <setting name="#time" value="17:0" />
    <setting name="#respawn" value="waves" />
    <setting name="#respawntime" value="60" />
    <setting name="#duration" value="1200" />
  </settings>
</meta>