<meta>
    <info gamemodes="race" type="map" name="From Golf To Chilliad A La Gang" author="Gang" version="1.0.0" description="Race from the golf club to Mount Chilliad" />
    <map src="race-fromgolftochilliadalagang.map" dimension="0" />
    <settings>
        <setting name="#skins" value='[ &quot;random&quot; ]' />
        <setting name="#maxplayers" value="[ 9 ]" />
        <setting name="#gamespeed" value="[ 1 ]" />
        <setting name="#ghostmode" value='[ &quot;false&quot; ]' />
        <setting name="#time" value="6:0" />
        <setting name="#vehicleweapons" value='[ &quot;true&quot; ]' />
        <setting name="#minplayers" value="[ 0 ]" />
        <setting name="#weather" value="[ 3 ]" />
        <setting name="#gravity" value="[ 0.008000 ]" />
        <setting name="#waveheight" value="[ 0 ]" />
        <setting name="#respawntime" value="[ 3 ]" />
        <setting name="#locked_time" value="[ false ]" />
        <setting name="#duration" value="[ 1800 ]" />
        <setting name="#respawn" value='[ &quot;timelimit&quot; ]' />
    </settings>
</meta>
