<?xml version="1.0" encoding="utf-16"?>
<meta>
  <info type="map" gamemodes="race" name="Gladiators By CoBalt" author="KingBong" description="DM in an gladiator areana with jumps n stunts drive flash" />
  <map src="Gladiators By CoBalt.map" />
  <settings>
    <setting name="#time" value="0:0" />
    <setting name="#weather" value="6" />
    <setting name="#respawn" value="none" />
    <setting name="#respawntime" value="0" />
    <setting name="#duration" value="600" />
  </settings>
</meta>