<?xml version="1.0" encoding="utf-16"?>
<meta>
  <info type="map" gamemodes="race" name="tour de france in sa" author="DFT S.Eagle" description="i was looking at the tour de france and then i came on this idea" version="1" />
  <map src="tour de france in sa.map" />
  <settings>
    <setting name="#time" value="0:0" />
    <setting name="#weather" value="1" />
    <setting name="#respawn" value="timelimit" />
    <setting name="#respawntime" value="0" />
    <setting name="#duration" value="900" />
  </settings>
</meta>