<?xml version="1.0" encoding="utf-16"?>
<meta>
  <info type="map" gamemodes="race" name="Smugglers Run V2" author="erorr404" description="Play as a smuggler on a mission to deliver the goods or as a Hunter pilot ordered to take them out by any means necessary. Hunters ignore checkpoints!&#xA;&#xA;- totally new version, different from original" version="0" />
  <map src="Smugglers Run V2.map" />
  <settings>
    <setting name="#time" value="6:30" />
    <setting name="#respawn" value="waves" />
    <setting name="#respawntime" value="121" />
    <setting name="#duration" value="600" />
  </settings>
</meta>