<meta>
    <info gamemodes="race" type="map" name="Gangs Fourth Race" author="Gang" version="1.0.0" description="Drive for your life with our all time favourite car" />
    <map src="race-gangsfourthrace.map" dimension="0" />
    <settings>
        <setting name="#skins" value='[ &quot;cj&quot; ]' />
        <setting name="#maxplayers" value="[ 8 ]" />
        <setting name="#gamespeed" value="[ 1 ]" />
        <setting name="#ghostmode" value='[ &quot;false&quot; ]' />
        <setting name="#time" value="12:0" />
        <setting name="#vehicleweapons" value='[ &quot;true&quot; ]' />
        <setting name="#minplayers" value="[ 0 ]" />
        <setting name="#weather" value="[ 0 ]" />
        <setting name="#gravity" value="[ 0.008000 ]" />
        <setting name="#waveheight" value="[ 4 ]" />
        <setting name="#respawntime" value="[ 5 ]" />
        <setting name="#locked_time" value="[ false ]" />
        <setting name="#duration" value="[ 600 ]" />
        <setting name="#respawn" value='[ &quot;timelimit&quot; ]' />
    </settings>
</meta>
