<?xml version="1.0" encoding="utf-16"?>
<meta>
  <info type="map" gamemodes="race" name="san fierro around" author="AoS S.Eagle" description="A race around san fierro. i wanted the other part of the island too but then the race simply got too big." version="1" />
  <map src="san fierro around.map" />
  <settings>
    <setting name="#time" value="13:8" />
    <setting name="#respawn" value="timelimit" />
    <setting name="#respawntime" value="1" />
    <setting name="#duration" value="999999" />
  </settings>
</meta>