<?xml version="1.0" encoding="utf-16"?>
<meta>
  <info type="map" gamemodes="race" name="Grand Rally" author="driver2" description="Race through LV, Desert, SF, Forest, Countryside and LS" />
  <map src="Grand Rally.map" />
  <settings>
    <setting name="#time" value="22:30" />
    <setting name="#weather" value="1" />
    <setting name="#respawn" value="timelimit" />
    <setting name="#duration" value="1800" />
    <setting name="#ghostmode" value="true"></setting>
  </settings>
</meta>
