<?xml version="1.0" encoding="utf-16"?>
<meta>
  <info type="map" gamemodes="race" name="mtadm S.DM" author="S.Eagle" description="deathmatch in a big lake with some parts of land so you can still drive and shoot. boats too." />
  <map src="mtadm S.DM.map" />
  <settings>
    <setting name="#time" value="0:0" />
    <setting name="#weather" value="1" />
    <setting name="#respawn" value="waves" />
    <setting name="#respawntime" value="30" />
    <setting name="#duration" value="1200" />
  </settings>
</meta>