<?xml version="1.0" encoding="utf-16"?>
<meta>
  <info type="map" gamemodes="race" name="mtadm jungle" author="S.Eagle" description="triangular shaped floating platform of grass with lots of trees. features crashed plane and some artillery. plane can do boom by shooting the engine that isnt smoking. named it jungle becos forest sounds..." />
  <map src="mtadm jungle.map" />
  <settings>
    <setting name="#time" value="21:0" />
    <setting name="#weather" value="8" />
    <setting name="#respawn" value="waves" />
    <setting name="#respawntime" value="30" />
    <setting name="#duration" value="900" />
  </settings>
</meta>